system:time_start,Garam Chasma,Oweer Lasht Bala,Mori Lusht,Riri Owir,Buni,Mastuj,Dhok,Brep,Lasht,Dewseer,Yarkhun Lusht,Chikar,Darkut,Tirsat,Yasin Proper,Sosat Gipus,Serbel,Asambar,Ishkoman Payeen,Badswat,Hussinabad,Hasanabad,Passu,Ziarat,Rasht,Jun Kharchanai,Arandu,Shigar
18-Apr-26,7.869,5.348,9.117,21.444,9.946,7.992,9.946,6.052,8.661,6.668,5.605,4.984,7.287,7.287,7.439,5.988,5.988,9.336,7.464,6.768,8.765,8.077,7.586,4.732,4.703,5.311,7.063,8.418
18-Apr-26,7.767,5.227,9.251,21.282,9.855,7.791,9.855,5.871,8.651,6.647,5.619,4.954,7.187,7.187,7.445,5.829,5.829,9.402,7.415,6.819,8.744,8.162,7.583,4.711,4.679,5.248,7.008,8.015
18-Apr-26,7.292,5.24,9.224,21.377,9.784,7.713,9.784,5.79,8.537,6.547,5.651,4.846,6.937,6.937,7.267,5.814,5.814,9.467,7.353,6.852,8.768,8.164,7.5,4.731,4.656,5.252,6.963,7.742
18-Apr-26,7.273,4.865,8.548,21.001,9.714,7.802,9.714,6.012,8.593,6.529,5.62,4.826,7.135,7.135,7.404,5.847,5.847,9.458,7.405,6.788,8.695,8.101,7.393,4.716,4.705,5.314,6.953,7.487
18-Apr-26,7.001,4.772,8.565,20.229,9.097,7.797,9.097,5.929,8.41,6.524,5.345,4.837,7.1,7.1,7.354,5.804,5.804,9.401,7.428,6.797,8.644,8.002,7.457,4.709,4.681,5.306,6.943,7.393
18-Apr-26,6.713,4.682,8.837,19.42,8.791,7.684,8.791,5.829,8.09,6.391,5.277,4.868,7.025,7.025,7.111,5.74,5.74,9.452,7.37,6.801,8.594,7.949,7.564,4.689,4.698,5.266,6.703,7.223
19-Apr-26,6.603,4.143,8.6,18.296,8.335,7.415,8.335,5.567,7.887,6.154,5.018,4.69,6.883,6.883,7.029,5.659,5.659,9.325,7.179,6.704,8.488,7.909,7.447,4.656,4.669,5.272,6.647,7.199
19-Apr-26,6.125,3.873,8.042,16.788,8.137,7.351,8.137,5.458,7.631,6.125,4.657,4.682,6.869,6.869,6.924,5.213,5.213,8.914,7.178,6.559,8.429,7.874,7.423,4.631,4.612,5.239,6.645,7.188
19-Apr-26,5.378,3.474,7.154,16.414,7.725,7.274,7.725,5.533,7.272,5.986,4.203,4.608,6.523,6.523,6.525,4.595,4.595,8.971,6.704,6.293,8.363,7.827,7.517,4.629,4.47,5.23,6.691,7.059
19-Apr-26,5.09,3.567,6.423,16.588,7.273,6.479,7.273,5.074,6.527,5.754,3.996,4.593,6.057,6.057,5.959,4.293,4.293,9.012,6.594,6.557,8.301,7.812,7.452,4.652,4.572,5.218,6.705,7.337
19-Apr-26,5.001,3.724,6.023,16.167,7.372,6.22,7.372,4.207,6.777,5.39,4.011,4.58,5.574,5.574,5.721,4.151,4.151,8.991,6.286,6.459,8.164,7.521,7.383,4.638,4.588,5.259,6.828,7.769
19-Apr-26,4.965,3.703,6.231,15.93,7.183,6.197,7.183,4.004,6.988,5.341,4.217,3.909,5.791,5.791,5.711,3.769,3.769,8.919,6.692,6.564,8.041,7.343,6.74,4.249,4.599,5.223,6.903,8.108
19-Apr-26,4.825,3.51,6.449,15.738,6.847,6.207,6.847,3.983,6.783,5.247,4.502,3.929,5.649,5.649,5.678,3.718,3.718,8.706,6.527,6.574,7.596,6.946,6.148,3.732,4.468,5.004,6.938,8.111
19-Apr-26,4.95,3.51,6.353,15.35,6.934,6.053,6.934,4.203,6.739,5.216,4.672,3.918,6.025,6.025,5.768,4.017,4.017,8.427,6.817,6.349,7.086,6.643,6.24,3.464,4.243,4.385,6.91,7.715
19-Apr-26,5.03,3.614,6.43,15.804,6.94,6.062,6.94,4.398,6.822,5.374,4.564,3.958,6.004,6.004,5.479,3.935,3.935,7.323,6.82,5.988,7.364,6.638,6.156,3.531,3.814,4.126,6.959,7.012
19-Apr-26,5.371,3.736,6.51,16.005,6.488,5.909,6.488,4.566,6.976,5.389,4.419,4.091,5.787,5.787,5.357,3.897,3.897,6.414,6.392,5.667,7.574,6.68,6.073,3.395,3.261,3.899,6.955,6.307
19-Apr-26,5.457,3.743,6.623,16.351,6.484,5.663,6.484,4.55,6.611,5.436,4.475,4.108,5.615,5.615,5.139,4.099,4.099,6.214,6.036,5.516,7.42,6.635,5.595,3.564,3.337,3.985,6.676,6.033
19-Apr-26,5.443,3.764,6.491,16.059,6.611,5.726,6.611,4.571,6.539,5.288,4.43,4.161,5.384,5.384,5.192,4.18,4.18,6.411,5.755,5.291,7.296,6.518,5.393,3.328,3.43,4.254,6.296,6.201
19-Apr-26,5.401,3.729,6.153,16.214,6.651,5.835,6.651,4.686,6.675,5.237,4.299,4.177,5.201,5.201,5.245,4.054,4.054,6.409,5.563,5.161,7.459,6.673,5.483,3.44,3.499,4.201,5.905,6.357
19-Apr-26,5.351,3.401,5.86,16.582,6.676,5.876,6.676,4.694,6.582,5.174,4.22,3.926,5.202,5.202,5.174,3.762,3.762,6.356,5.482,5.108,6.999,6.462,5.654,3.687,3.486,4.202,5.308,6.91
19-Apr-26,5.149,3.358,5.742,17.083,6.627,5.785,6.627,4.501,6.67,5.094,4.142,3.723,5.137,5.137,5.136,3.659,3.659,6.552,5.421,4.961,6.486,6.014,5.392,3.633,3.245,4.107,5.198,7.115
19-Apr-26,4.96,3.078,5.456,16.957,6.712,5.698,6.712,4.522,6.613,5.16,3.925,3.72,5.15,5.15,5.174,3.747,3.747,6.736,5.573,5.067,6.346,5.886,5.312,3.328,3.13,4.061,5.138,7.118
19-Apr-26,4.717,2.899,5.445,15.662,6.616,5.386,6.616,4.227,6.514,5.003,3.632,3.611,5.115,5.115,5.014,3.669,3.669,7.045,5.509,5.182,6.142,5.739,5.347,3.227,3.074,3.848,5.205,6.827
19-Apr-26,4.66,2.665,5.38,14.132,6.508,5.181,6.508,3.975,6.378,4.825,3.277,3.541,4.869,4.869,4.809,3.537,3.537,6.981,5.521,5.095,6.081,5.655,5.365,3.21,3.077,3.94,5.271,6.57
19-Apr-26,4.547,2.589,5.28,12.851,6.307,4.986,6.307,3.811,6.264,4.651,2.888,3.44,4.672,4.672,4.562,3.4,3.4,6.738,5.464,4.883,5.84,5.432,5.275,3.163,2.872,3.832,5.202,6.267
19-Apr-26,4.237,2.514,5.012,11.789,6.167,4.922,6.167,3.642,6.098,4.452,2.522,3.184,4.588,4.588,4.444,3.244,3.244,6.554,5.284,4.599,5.73,5.3,5.082,3.01,2.72,3.58,5.181,6.09
19-Apr-26,3.91,2.289,4.721,11.083,5.764,4.679,5.764,3.438,5.795,4.193,2.27,3.017,4.473,4.473,4.311,3.131,3.131,6.305,5.196,4.438,5.652,5.331,5.147,2.977,2.529,3.452,5.131,5.862
19-Apr-26,3.57,2.086,4.393,10.54,5.423,4.442,5.423,3.231,5.516,3.954,2.138,2.862,4.377,4.377,4.188,2.985,2.985,5.94,5.047,4.3,5.495,5.268,5.239,2.982,2.414,3.306,5.066,5.631
19-Apr-26,3.38,1.731,4.155,10.359,5.11,4.271,5.11,3.156,5.299,3.811,2.011,2.772,4.345,4.345,4.123,2.843,2.843,5.625,4.766,4.027,5.236,5.084,5.169,2.884,2.275,3.156,4.844,5.567
19-Apr-26,3.275,1.582,4.249,10.115,4.931,4.007,4.931,2.875,5.014,3.523,2.012,2.695,4.254,4.254,3.907,2.702,2.702,5.444,4.515,3.859,5.124,4.931,4.972,2.673,2.204,3.092,4.715,5.423
20-Apr-26,3.093,1.453,4.364,9.893,4.89,3.937,4.89,2.829,4.842,3.409,1.986,2.602,4.117,4.117,3.815,2.639,2.639,5.258,4.268,3.647,4.988,4.729,4.887,2.652,2.113,3.012,4.629,5.25
20-Apr-26,2.842,1.303,4.074,9.689,4.719,3.817,4.719,2.788,4.69,3.337,1.873,2.58,4.063,4.063,3.807,2.682,2.682,5.233,4.178,3.602,4.95,4.612,4.753,2.57,2.009,2.881,4.502,5.182
20-Apr-26,2.666,1.169,3.917,9.78,4.439,3.61,4.439,2.668,4.49,3.26,1.773,2.53,4.012,4.012,3.749,2.583,2.583,5.17,4.178,3.613,4.949,4.594,4.697,2.596,1.973,2.786,4.396,5.127
20-Apr-26,2.518,1.166,3.797,9.79,4.185,3.437,4.185,2.55,4.261,3.093,1.731,2.523,3.955,3.955,3.686,2.491,2.491,5.073,4.137,3.56,4.945,4.662,4.798,2.648,2.065,2.833,4.393,5.134
20-Apr-26,2.476,1.391,3.892,9.988,3.967,3.295,3.967,2.486,4.059,2.926,1.828,2.446,3.859,3.859,3.636,2.515,2.515,5.015,4.135,3.58,4.953,4.662,4.844,2.755,2.251,2.921,4.366,5.105
20-Apr-26,2.623,1.778,4.125,10.287,3.877,3.236,3.877,2.45,3.949,2.842,2.109,2.405,3.781,3.781,3.633,2.58,2.58,4.924,4.053,3.551,4.889,4.631,4.845,2.893,2.487,2.986,4.333,4.997
20-Apr-26,2.921,2.204,4.449,10.79,4.014,3.335,4.014,2.55,3.926,2.863,2.559,2.51,3.766,3.766,3.662,2.758,2.758,4.945,3.983,3.519,4.847,4.595,4.795,3.027,2.681,3.031,4.231,4.999
20-Apr-26,3.213,2.52,4.509,11.813,4.328,3.534,4.328,2.682,3.997,2.92,2.997,2.698,3.819,3.819,3.779,3.088,3.088,5.016,4.01,3.568,4.76,4.558,4.76,3.144,2.81,3.016,4.166,5
20-Apr-26,3.591,2.852,4.446,12.572,4.804,3.793,4.804,2.817,4.113,2.964,3.371,2.945,3.894,3.894,3.881,3.387,3.387,5.191,4.111,3.63,4.764,4.574,4.718,3.311,2.951,2.956,4.199,5.02
20-Apr-26,4.027,3.2,4.571,13.134,5.275,4.123,5.275,2.987,4.317,3.037,3.729,3.134,3.913,3.913,3.987,3.667,3.667,5.365,4.166,3.614,4.761,4.582,4.701,3.467,3.08,2.905,4.36,5.094
20-Apr-26,4.411,3.455,4.568,13.49,5.739,4.456,5.739,3.227,4.648,3.181,4.136,3.237,3.891,3.891,4.067,3.928,3.928,5.498,4.139,3.523,4.779,4.514,4.653,3.445,3.187,2.872,4.519,5.127
20-Apr-26,4.845,3.601,4.417,13.858,6.18,4.725,6.18,3.441,5.065,3.322,4.418,3.241,3.921,3.921,4.114,4.153,4.153,5.565,4.125,3.365,4.836,4.442,4.572,3.362,3.29,2.807,4.577,5.225
20-Apr-26,4.848,3.663,4.213,14.189,6.653,4.93,6.653,3.533,5.388,3.453,4.64,3.263,4.048,4.048,4.128,4.26,4.26,5.493,4.151,3.242,4.917,4.322,4.418,3.226,3.303,2.77,4.544,5.341
20-Apr-26,4.834,3.674,3.853,14.781,7.077,5.082,7.077,3.631,5.569,3.593,4.791,3.242,4.167,4.167,4.236,4.194,4.194,5.465,4.058,3.153,4.884,4.209,4.325,3.061,3.213,2.713,4.437,5.517
20-Apr-26,4.732,3.612,3.621,14.284,7.303,5.247,7.303,3.749,5.676,3.74,4.815,3.236,4.221,4.221,4.308,3.965,3.965,5.377,4.015,3.169,4.826,4.153,4.242,2.941,3.1,2.639,4.295,5.721
20-Apr-26,4.744,3.613,3.573,13.877,7.242,5.322,7.242,3.853,5.615,3.856,4.823,3.205,4.226,4.226,4.432,3.844,3.844,5.383,3.992,3.22,4.717,4.1,4.18,2.794,2.952,2.564,4.138,5.89
20-Apr-26,4.54,3.712,3.673,13.627,7.121,5.4,7.121,3.924,5.633,4.003,4.835,3.182,4.256,4.256,4.433,3.568,3.568,5.385,4.016,3.304,4.627,4.059,4.158,2.67,2.75,2.497,4.036,6.049
20-Apr-26,4.263,3.54,3.868,12.827,6.783,5.359,6.783,3.931,5.591,4.111,4.643,3.183,4.238,4.238,4.425,3.398,3.398,5.265,3.958,3.286,4.543,4.028,4.132,2.588,2.551,2.575,3.955,6.158
20-Apr-26,4.274,3.592,4.146,11.936,6.426,5.132,6.426,3.804,5.349,4.077,4.61,3.074,4.135,4.135,4.352,3.12,3.12,5.172,3.887,3.296,4.56,4.045,4.087,2.471,2.383,2.682,3.89,6.213
20-Apr-26,4.309,3.725,4.673,11.472,6.299,5.032,6.299,3.664,5.245,4.029,4.579,2.931,4.046,4.046,4.288,2.974,2.974,5.059,3.784,3.233,4.541,4,3.875,2.366,2.237,2.801,3.841,6.227
20-Apr-26,4.357,3.479,4.727,10.584,6.055,5.058,6.055,3.687,5.226,4.116,4.583,2.908,4.008,4.008,4.268,2.98,2.98,4.954,3.7,3.159,4.482,3.935,3.668,2.167,2.127,2.812,3.784,6.125
20-Apr-26,4.411,3.659,4.833,9.865,5.855,4.9,5.855,3.607,5.148,4.035,4.668,2.959,4.03,4.03,4.271,2.937,2.937,4.998,3.763,3.183,4.359,3.774,3.521,2.076,2.055,2.803,3.74,5.884
20-Apr-26,4.473,3.532,4.76,9.099,5.715,4.844,5.715,3.611,5.201,4.049,4.593,3.022,4.025,4.025,4.272,2.974,2.974,4.972,3.833,3.171,4.328,3.748,3.416,2,2.059,2.763,3.75,5.651
20-Apr-26,4.256,3.259,4.622,8.192,5.485,4.705,5.485,3.552,5.193,4.005,4.328,3.048,3.894,3.894,4.225,3.008,3.008,4.957,3.865,3.206,4.296,3.705,3.374,1.977,2.046,2.757,3.733,5.445
21-Apr-26,4.131,3.094,4.4,7.64,5.275,4.507,5.275,3.363,5.053,3.856,4.136,2.987,3.689,3.689,4.158,3.043,3.043,4.816,3.782,3.104,4.179,3.713,3.377,1.993,2.04,2.729,3.699,5.213
21-Apr-26,3.898,2.874,4.333,7.514,5.13,4.324,5.13,3.194,4.905,3.698,3.857,2.906,3.473,3.473,4.025,2.954,2.954,4.706,3.613,3.013,4.039,3.615,3.293,1.988,2.013,2.695,3.65,5.039
21-Apr-26,3.593,2.479,3.857,7.076,4.841,3.98,4.841,2.961,4.767,3.532,3.412,2.662,3.319,3.319,3.795,2.769,2.769,4.625,3.478,2.974,3.915,3.468,3.174,1.95,1.969,2.604,3.643,4.796
21-Apr-26,3.516,2.468,4.012,7.284,4.704,3.694,4.704,2.809,4.484,3.289,3.203,2.531,3.321,3.321,3.692,2.598,2.598,4.488,3.363,2.852,3.795,3.395,3.1,1.907,1.873,2.56,3.627,4.612
21-Apr-26,3.204,2.223,3.74,7.206,4.554,3.646,4.554,2.834,4.542,3.35,2.927,2.502,3.321,3.321,3.543,2.372,2.372,4.484,3.378,2.924,3.778,3.276,2.935,1.876,1.902,2.418,3.663,4.462
21-Apr-26,3.345,2.075,3.427,7.488,4.289,3.47,4.289,2.776,4.417,3.249,2.67,2.334,3.27,3.27,3.532,2.526,2.526,4.468,3.31,2.8,3.737,3.235,2.988,2.036,1.937,2.422,3.656,4.358
21-Apr-26,3.399,2.479,3.843,7.663,4.249,3.379,4.249,2.743,4.313,3.196,2.603,2.31,3.209,3.209,3.372,2.398,2.398,4.286,3.251,2.756,3.604,3.115,2.897,2.012,1.919,2.422,3.691,4.281
21-Apr-26,3.69,2.245,3.608,7.96,4.336,3.52,4.336,2.583,4.448,3.179,2.57,2.312,3.13,3.13,3.263,2.301,2.301,4.295,3.258,2.803,3.578,3.155,2.843,2.04,1.96,2.394,3.594,4.283
21-Apr-26,4.571,2.924,4.433,9.278,4.232,3.384,4.232,2.724,4.315,3.42,2.958,2.564,3.214,3.214,3.308,2.545,2.545,4.097,3.163,2.785,3.547,3.137,2.868,2.118,2.022,2.31,3.491,4.15
21-Apr-26,5.357,3.109,4.989,9.54,4.789,3.624,4.789,2.664,4.597,3.472,3.367,2.61,3.288,3.288,3.301,2.533,2.533,4.268,3.234,2.842,3.474,2.981,2.944,2.372,2.29,2.248,3.45,4.052
21-Apr-26,5.76,2.999,5.224,9.308,5.076,4.125,5.076,2.815,4.77,3.965,3.476,2.46,3.183,3.183,3.247,2.629,2.629,4.3,3.197,2.717,3.612,3.128,3.077,2.37,2.468,2.2,3.352,4.052
21-Apr-26,6.305,3.156,5.476,10.035,5.275,4.39,5.275,2.791,4.823,3.943,3.643,2.662,3.595,3.595,3.492,2.929,2.929,4.295,3.143,2.708,3.494,3.071,3.311,2.359,2.574,2.086,3.211,4.055
21-Apr-26,6.991,3.343,5.85,10.7,5.664,4.936,5.664,2.904,4.968,3.826,3.88,2.642,3.661,3.661,3.512,2.957,2.957,4.536,3.22,2.792,3.552,3.146,3.448,2.252,2.714,2.053,3.133,3.98
21-Apr-26,6.816,3.447,5.698,10.455,5.919,5.144,5.919,3.205,5.272,3.679,4.084,2.66,3.844,3.844,3.532,3.072,3.072,4.554,3.312,2.887,3.56,3.16,3.488,2.212,2.663,1.983,2.936,3.989
21-Apr-26,6.586,3.546,5.68,11.044,6.023,4.938,6.023,3.41,5.391,3.6,4.085,2.623,3.944,3.944,3.58,3.247,3.247,4.754,3.408,2.869,3.485,3.277,3.708,1.965,2.674,2.037,2.778,3.869
21-Apr-26,6.556,3.683,5.68,11.657,5.944,4.752,5.944,3.377,5.403,3.483,4.363,2.459,3.857,3.857,3.512,3.224,3.224,4.758,3.62,2.956,3.425,3.344,3.796,1.852,2.483,2.204,2.715,3.873
21-Apr-26,6.536,3.807,5.869,11.867,6.059,4.685,6.059,3.41,5.551,3.557,4.682,2.339,3.679,3.679,3.511,3.29,3.29,4.643,3.391,2.973,3.501,3.419,3.843,1.72,2.344,2.344,2.701,3.967
21-Apr-26,6.407,3.96,5.981,12.797,6.13,4.589,6.13,3.354,5.781,3.783,4.72,2.352,3.594,3.594,3.492,3.095,3.095,4.522,3.284,2.802,3.407,3.5,3.791,1.658,2.207,2.461,2.658,3.856
21-Apr-26,6.454,4.137,6.031,12.763,6.139,4.566,6.139,3.313,5.643,3.782,4.772,2.422,3.625,3.625,3.572,3.091,3.091,4.5,3.217,2.767,3.281,3.435,3.689,1.647,2.191,2.569,2.695,3.82
21-Apr-26,6.317,4.09,6.029,12.899,6.126,4.595,6.126,3.224,5.517,3.736,4.686,2.387,3.614,3.614,3.699,3.15,3.15,4.483,3.232,2.776,3.283,3.354,3.486,1.656,1.934,2.613,2.784,3.762
21-Apr-26,6.223,4.101,6.111,13.053,6.052,4.508,6.052,3.068,5.194,3.516,4.842,2.348,3.585,3.585,3.647,3.218,3.218,4.657,3.261,2.818,3.369,3.215,3.252,1.629,1.909,2.514,2.825,3.754
21-Apr-26,6.235,4.07,6,13.08,6.091,4.606,6.091,3.075,5.099,3.56,4.832,2.264,3.485,3.485,3.63,3.04,3.04,4.561,3.2,2.806,3.464,3.166,3.097,1.597,1.797,2.558,2.896,3.747
21-Apr-26,6.212,4.073,5.932,13.363,6.108,4.643,6.108,3.075,5.121,3.497,4.768,2.283,3.449,3.449,3.692,3.137,3.137,4.635,3.227,2.827,3.489,3.086,2.897,1.612,1.744,2.472,2.934,3.584
21-Apr-26,5.929,3.86,5.758,13.267,6.126,4.721,6.126,3.131,5.129,3.556,4.491,2.27,3.348,3.348,3.775,3.163,3.163,4.724,3.27,2.862,3.59,3.103,2.723,1.511,1.715,2.355,2.809,3.508
22-Apr-26,5.728,3.737,5.573,12.725,6.033,4.625,6.033,3.161,5.105,3.555,4.275,2.269,3.433,3.433,3.872,3.177,3.177,4.747,3.341,2.851,3.63,3.12,2.755,1.505,1.625,2.219,2.782,3.328
22-Apr-26,5.703,3.722,5.431,12.438,5.897,4.484,5.897,3.183,4.991,3.518,4.028,2.302,3.428,3.428,3.873,3.134,3.134,4.804,3.415,2.954,3.761,3.137,2.698,1.54,1.602,2.062,2.822,3.214
22-Apr-26,5.565,3.519,5.434,12.306,5.801,4.325,5.801,3.165,4.9,3.463,3.743,2.263,3.492,3.492,3.837,3.042,3.042,4.786,3.546,3.106,3.876,3.221,2.722,1.586,1.689,1.924,2.89,3.221
22-Apr-26,5.645,3.555,5.534,12.416,5.568,4.078,5.568,3.145,4.757,3.497,3.712,2.245,3.528,3.528,3.765,3.065,3.065,4.621,3.576,3.176,3.963,3.355,2.797,1.697,1.862,1.941,2.987,3.171
22-Apr-26,5.969,3.606,5.679,12.71,5.578,4.058,5.578,3.169,4.678,3.518,3.671,2.334,3.564,3.564,3.671,3.126,3.126,4.575,3.628,3.302,3.998,3.492,2.91,1.871,2.038,2.046,3.108,3.182
22-Apr-26,6.25,3.722,5.97,13.213,5.725,4.221,5.725,3.368,4.733,3.718,3.699,2.523,3.638,3.638,3.731,3.392,3.392,4.419,3.598,3.371,3.979,3.594,3.096,2.107,2.314,2.122,3.242,3.32
22-Apr-26,6.635,3.905,6.369,13.761,5.929,4.473,5.929,3.613,4.929,3.953,3.961,2.685,3.681,3.681,3.984,3.534,3.534,4.584,3.627,3.478,3.969,3.63,3.251,2.32,2.649,2.27,3.305,3.481
22-Apr-26,7.188,4.072,7.052,14.408,6.217,4.891,6.217,3.862,5.121,4.318,4.432,2.854,4.009,4.009,4.171,3.678,3.678,4.836,3.836,3.659,4.184,3.756,3.489,2.508,2.873,2.467,3.268,3.588
22-Apr-26,7.693,4.355,7.97,14.955,6.619,5.555,6.619,4.224,5.328,4.608,4.866,3.034,4.245,4.245,4.424,3.877,3.877,5.043,4.021,3.926,4.408,3.966,3.888,2.669,3.091,2.574,3.309,3.714
22-Apr-26,8.077,4.663,8.624,15.205,7.115,6.413,7.115,4.658,5.671,4.792,5.295,3.215,4.503,4.503,4.731,4.138,4.138,5.355,4.13,3.995,4.431,3.986,4.282,2.907,3.373,2.671,3.271,3.88
22-Apr-26,8.453,5.012,9.13,15.64,7.663,7.154,7.663,5.09,6.253,4.994,5.85,3.272,4.743,4.743,5.096,4.648,4.648,5.749,4.348,4.148,4.52,3.94,4.447,3.018,3.415,2.792,3.204,3.96
22-Apr-26,8.799,5.242,9.65,15.78,8.48,7.783,8.48,5.46,6.964,5.316,6.183,3.384,5.004,5.004,5.415,5.127,5.127,6.079,4.557,4.335,4.704,4.013,4.444,3.128,3.354,2.876,3.191,3.991
22-Apr-26,9.247,5.407,9.876,15.349,9.421,8.439,9.421,6.065,7.751,5.754,6.025,3.564,5.181,5.181,5.599,5.668,5.668,6.265,4.746,4.557,4.868,4.151,4.404,3.1,3.178,3.05,3.249,4.009
22-Apr-26,9.783,5.627,9.936,15.047,10.154,8.939,10.154,6.703,8.381,6.274,5.883,3.811,5.41,5.41,5.797,6.263,6.263,6.363,4.92,4.722,4.976,4.242,4.381,2.89,2.959,3.208,3.331,3.976
22-Apr-26,10.035,6.079,9.679,14.739,10.695,9.308,10.695,7.174,8.865,6.841,5.931,4.078,5.593,5.593,5.943,6.603,6.603,6.54,5.171,4.881,5.203,4.463,4.387,2.551,2.803,3.307,3.38,3.996
22-Apr-26,9.591,6.548,9.21,14.602,10.969,9.409,10.969,7.39,9.284,7.204,5.81,4.394,5.609,5.609,6.183,6.777,6.777,6.67,5.35,4.966,5.426,4.716,4.375,2.47,2.762,3.409,3.409,4.108
22-Apr-26,9.092,6.811,8.911,14.817,11.097,9.313,11.097,7.348,9.55,7.411,5.964,4.566,5.588,5.588,6.347,6.567,6.567,6.724,5.398,5.003,5.598,4.907,4.332,2.454,2.783,3.447,3.398,4.177
22-Apr-26,8.748,6.625,8.65,15.062,10.969,9.105,10.969,7.118,9.75,7.622,6.5,4.599,5.53,5.53,6.375,6.154,6.154,6.697,5.383,5.034,5.754,5.054,4.346,2.487,2.86,3.388,3.442,4.207
22-Apr-26,8.494,6.454,8.299,15.077,10.682,8.674,10.682,6.765,9.851,7.709,6.88,4.645,5.41,5.41,6.331,5.573,5.573,6.829,5.429,5.123,5.938,5.248,4.427,2.616,2.998,3.274,3.586,4.368
22-Apr-26,8.521,6.239,8.055,14.954,10.223,8.069,10.223,6.436,9.626,7.535,7.01,4.794,5.364,5.364,6.394,5.183,5.183,6.897,5.517,5.178,5.938,5.369,4.629,2.77,3.143,3.201,3.604,4.46
22-Apr-26,8.715,6.225,8.203,15.03,9.683,7.513,9.683,5.899,9.267,7.128,6.555,4.684,5.382,5.382,6.323,4.835,4.835,7.001,5.702,5.3,5.936,5.372,4.686,2.915,3.316,3.131,3.6,4.481
22-Apr-26,8.569,6.595,8.302,14.961,9.491,7.252,9.491,5.64,9.011,6.814,6.59,4.568,5.356,5.356,6.198,4.632,4.632,6.98,5.702,5.294,5.936,5.419,4.766,2.979,3.425,3.11,3.622,4.52
22-Apr-26,8.472,6.408,8.301,14.777,9.24,7.078,9.24,5.499,8.95,6.736,6.734,4.509,5.363,5.363,6.155,4.601,4.601,6.931,5.686,5.192,5.885,5.448,4.827,3.016,3.44,3.142,3.689,4.555
22-Apr-26,8.441,6.431,8.397,14.89,9.173,6.841,9.173,5.303,8.644,6.543,7.317,4.479,5.53,5.53,6.098,4.569,4.569,6.89,5.729,5.081,5.793,5.389,4.807,3.076,3.354,3.141,3.759,4.497
23-Apr-26,8.772,6.425,8.439,14.853,9.453,6.922,9.453,5.244,8.681,6.561,7.604,4.562,5.725,5.725,6.097,4.679,4.679,6.933,5.826,5.109,5.709,5.255,4.69,3.092,3.258,3.087,3.757,4.481
23-Apr-26,8.451,6.149,9.045,16.457,9.624,7.054,9.624,5.208,8.833,6.661,7.637,4.677,5.84,5.84,6.213,4.88,4.88,7.003,5.92,5.261,5.817,5.233,4.544,3.021,3.321,3.123,3.749,4.465
23-Apr-26,8.125,6.202,8.856,16.552,9.759,7.21,9.759,5.252,8.736,6.597,7.698,4.791,6.031,6.031,6.28,5.085,5.085,7.1,6.021,5.325,5.922,5.37,4.559,3.012,3.493,3.114,3.832,4.469
23-Apr-26,8.018,6.095,8.494,16.244,9.743,7.222,9.743,5.441,8.689,6.569,7.615,4.666,6.076,6.076,6.41,5.222,5.222,7.135,6.065,5.402,6.033,5.498,4.724,3.162,3.625,3.3,3.951,4.51
23-Apr-26,7.941,5.893,8.45,16.093,9.437,7.093,9.437,5.693,8.688,6.719,7.573,4.781,6.275,6.275,6.517,5.443,5.443,7.05,6.151,5.503,6.151,5.605,4.84,3.352,3.805,3.491,4.077,4.552
23-Apr-26,7.962,5.7,8.57,16.205,9.293,7.199,9.293,5.752,8.556,6.72,7.456,5.002,6.477,6.477,6.605,5.664,5.664,7.106,6.234,5.552,6.242,5.733,5.029,3.565,4.063,3.644,4.207,4.639
23-Apr-26,8.145,5.733,8.859,16.456,9.227,7.497,9.227,6.013,8.417,6.656,7.304,5.176,6.544,6.544,6.792,5.921,5.921,7.349,6.331,5.731,6.349,5.896,5.278,3.805,4.225,3.838,4.381,4.798
23-Apr-26,8.667,5.789,9.353,16.861,9.053,7.595,9.053,6.233,8.328,6.758,7.134,5.277,6.712,6.712,7.213,6.163,6.163,7.651,6.488,5.918,6.598,6.005,5.661,4.118,4.437,3.913,4.605,5.088
23-Apr-26,9.087,5.935,10.066,17.615,9.425,7.821,9.425,6.263,8.209,6.767,7.121,5.269,7.026,7.026,7.404,6.082,6.082,8.02,6.617,6.141,6.882,6.125,5.876,4.437,4.692,3.999,4.834,5.333
23-Apr-26,9.498,6.252,10.43,18.153,10.014,8.468,10.014,6.535,8.457,6.93,7.196,5.19,7.095,7.095,7.223,6.103,6.103,8.414,6.559,6.356,7.284,6.375,6.114,4.663,4.884,4.263,4.999,5.639
23-Apr-26,10.096,6.386,10.211,18.202,10.371,8.989,10.371,6.925,8.871,7.363,7.224,5.264,7.162,7.162,7.271,6.592,6.592,8.407,6.371,6.271,7.461,6.514,6.375,4.97,4.938,4.53,5.317,5.954
23-Apr-26,10.304,6.446,10,18.057,10.739,9.616,10.739,7.273,9.361,7.728,7.243,5.396,7.339,7.339,7.564,6.699,6.699,8.71,6.59,6.321,7.435,6.47,6.449,5.078,4.668,4.692,5.646,5.992
23-Apr-26,10.331,6.836,9.987,18.526,10.94,9.792,10.94,7.56,9.988,7.95,7.121,5.484,7.42,7.42,7.726,6.987,6.987,9.028,7.078,6.788,7.633,6.588,6.496,4.9,4.481,4.748,6.054,6.166
23-Apr-26,11.208,7.261,10.09,19.152,11.331,9.504,11.331,7.482,10.285,8.051,7.637,5.362,7.334,7.334,7.938,7.112,7.112,9.237,7.258,6.888,7.72,6.643,6.35,4.541,4.392,4.797,6.354,6.309
23-Apr-26,10.42,6.81,10.702,19.02,11.687,9.902,11.687,7.625,10.46,8.25,7.631,5.578,7.364,7.364,8.039,7.426,7.426,9.247,7.474,6.94,7.681,6.551,6.148,4.156,4.122,4.865,6.423,6.457
23-Apr-26,10.054,6.525,10.518,19.822,12.032,10.336,12.032,7.922,11.149,8.405,7.555,5.786,7.675,7.675,8.606,7.63,7.63,9.272,7.533,6.957,7.784,6.568,6.032,3.918,4.091,4.701,6.19,6.514
23-Apr-26,10.397,6.684,10.633,20.935,12.372,10.377,12.372,8.05,11.487,8.495,7.018,5.873,7.882,7.882,8.895,7.569,7.569,9.413,7.636,7.037,7.969,6.823,6.175,3.943,4.362,4.69,6.018,6.548
23-Apr-26,10.331,6.757,10.936,20.481,12.017,9.675,12.017,8.046,11.401,8.689,6.614,5.849,7.789,7.789,9.077,7.398,7.398,9.569,7.683,7.117,8.059,7.037,6.368,4.224,4.481,4.793,5.95,6.507
23-Apr-26,10.207,6.984,10.882,20.725,12.154,9.32,12.154,7.576,11.117,8.469,7.004,6.061,8.066,8.066,9.02,7.178,7.178,9.77,7.949,7.252,8.136,7.207,6.516,4.533,4.514,4.576,5.959,6.498
23-Apr-26,10.137,7.134,10.639,21.369,12.335,9.535,12.335,7.598,10.948,8.555,7.628,6.065,8.062,8.062,8.907,7.166,7.166,9.772,8.294,7.577,8.444,7.526,6.798,4.844,4.593,4.439,6.028,6.567
23-Apr-26,9.949,6.734,10.736,21.456,12.278,9.574,12.278,7.586,11.008,8.658,7.795,5.96,8.194,8.194,8.957,7.085,7.085,9.805,8.397,7.694,8.562,7.802,7.131,5.019,4.65,4.464,6.019,6.79
23-Apr-26,10.011,7.105,10.895,21.244,12.116,9.508,12.116,7.523,10.972,8.591,8.091,5.905,8.23,8.23,8.79,6.979,6.979,9.783,8.481,7.771,8.307,7.644,6.964,4.879,4.919,4.639,6.084,7.028
23-Apr-26,9.676,6.98,10.703,20.818,12.28,9.626,12.28,7.602,10.936,8.509,8.06,6.037,8.597,8.597,9.122,7.215,7.215,9.727,8.56,7.655,8.047,7.373,6.687,4.602,4.88,4.511,5.986,6.608
23-Apr-26,9.581,6.978,10.548,20.722,12.205,9.553,12.205,7.538,10.881,8.465,7.877,5.97,8.705,8.705,9.151,7.164,7.164,9.738,8.583,7.61,8.353,7.649,7.09,4.841,5.138,4.625,5.887,6.196
24-Apr-26,9.43,7.121,10.484,21.041,12.169,9.47,12.169,7.431,10.812,8.396,7.884,6.023,8.684,8.684,9.143,7.074,7.074,9.842,8.526,7.508,8.646,7.887,7.335,5.111,5.055,4.922,6.332,6.105
24-Apr-26,9.143,7.089,10.046,20.562,12.142,9.471,12.142,7.455,10.769,8.458,7.65,6.26,8.778,8.778,9.158,6.815,6.815,9.852,8.532,7.612,8.753,7.983,7.327,5.156,5.044,4.762,6.35,6.326
24-Apr-26,8.863,7.048,10.109,19.963,12.141,9.522,12.141,7.386,10.762,8.352,7.415,6.341,8.711,8.711,9.059,6.559,6.559,9.72,8.664,7.888,8.631,7.947,7.319,5.147,5.251,5.08,6.143,6.245
24-Apr-26,8.591,6.95,10.113,19.63,11.962,9.626,11.962,7.354,10.847,8.402,7.366,6.268,8.516,8.516,8.793,6.502,6.502,9.647,8.484,7.662,8.521,8.012,7.444,5.31,5.354,5.327,6.274,6.07
24-Apr-26,8.704,6.742,9.838,19.282,11.458,9.262,11.458,7.112,10.699,8.454,7.306,6.368,8.358,8.358,8.797,6.642,6.642,9.61,8.378,7.552,8.226,7.53,7.29,5.317,5.203,5.395,6.427,6.216
24-Apr-26,9.136,6.399,9.989,19.224,11.269,9.079,11.269,6.875,10.439,8.219,7.509,6.32,8.271,8.271,8.533,6.509,6.509,9.81,8.463,7.551,8.147,7.467,7.253,5.179,5.515,5.387,6.459,6.381
24-Apr-26,9.748,6.083,10.193,18.657,11.076,9.169,11.076,7.126,10.315,7.968,7.744,6.32,8.096,8.096,8.449,6.51,6.51,9.515,7.936,7.257,8.318,7.644,7.35,5.289,5.646,5.611,6.504,6.603
24-Apr-26,9.716,6.9,10.55,19.599,11.871,9.822,11.871,7.399,10.826,8.51,8.183,6.262,8.961,8.961,8.75,7.51,7.51,10.974,8.654,8.175,9.047,8.185,8.047,5.798,5.086,5.321,7.095,7.687
24-Apr-26,9.845,7.075,9.035,21.296,11.847,9.488,11.847,7.202,10.586,8.245,7.434,6.391,9.114,9.114,9.221,6.954,6.954,11.693,9.669,8.555,9.234,8.432,7.693,5.002,5.291,5.826,7.208,7.952
24-Apr-26,10.127,7.111,10.633,23.127,11.911,9.303,11.911,7.54,10.773,8.218,7.983,6.687,9.541,9.541,9.706,7.201,7.201,11.743,10.117,9.114,9.645,8.749,7.853,4.663,5.509,5.639,7.266,8.586
24-Apr-26,9.723,6.886,10.966,21.39,12.541,9.555,12.541,7.579,11.453,8.566,8.154,6.774,9.115,9.115,8.867,6.947,6.947,10.976,9.501,8.467,9.874,9.984,9.01,5.448,5.947,5.667,7.946,8.187
24-Apr-26,9.111,6.717,9.898,20.688,11.725,9.634,11.725,7.548,10.578,8.279,7.367,6.514,8.97,8.97,8.226,6.416,6.416,11.607,9.272,8.855,10.935,10.384,9.932,6.124,6.064,6.608,8.466,8.336
25-Apr-26,7.255,5.512,8.194,19.988,9.93,8.36,9.93,6.317,9.824,7.362,7.25,5.925,8.604,8.604,8.141,6.164,6.164,10.997,8.972,8.474,10.242,9.61,9.288,5.957,6.005,6.764,8.234,9.008
25-Apr-26,6.484,5.057,7.534,20.326,9.233,7.488,9.233,5.918,9.198,6.83,6.824,5.073,7.918,7.918,8.025,6.358,6.358,11.262,8.774,8.267,10.724,9.947,9.488,6.028,5.761,6.702,8.705,10.297
25-Apr-26,7.669,5.474,8.858,20.154,9.107,7.707,9.107,5.906,8.765,7.058,6.773,5.547,8.299,8.299,8.131,6.206,6.206,11.534,9.024,8.608,10.683,9.662,9.563,6.32,6.125,6.861,9.091,10.606
25-Apr-26,7.882,5.597,8.98,20.053,9.741,8.64,9.741,6.629,8.917,6.861,6.81,5.604,8.92,8.92,8.799,6.554,6.554,11.26,9.191,8.674,9.591,8.669,8.436,5.143,5.792,5.642,8.612,10.855
25-Apr-26,7.256,4.931,9.491,19.431,9.68,8,9.68,6.499,10.752,7.357,6.223,5.52,8.791,8.791,7.992,6.021,6.021,10.189,8.824,7.914,9.888,8.829,7.826,4.845,5.074,5.819,7.475,9.584
25-Apr-26,6.674,3.765,7.795,19.717,9.243,7.957,9.243,5.8,9.693,7.176,5.018,6.013,8.215,8.215,8.288,6.066,6.066,10.696,8.8,7.856,10.29,9.559,8.485,5.287,5.351,6.059,7.738,9.323
25-Apr-26,5.759,2.985,6.999,18.449,8.418,7.036,8.418,5.332,8.399,6.982,3.743,5.457,7.898,7.898,7.433,5.612,5.612,10.188,8.332,7.812,10.146,10.044,8.801,5.342,5.652,6.43,8.198,8.961
25-Apr-26,5.519,2.502,6.801,17.703,7.86,6.55,7.86,4.975,7.239,5.713,2.98,4.615,6.649,6.649,6.82,5.14,5.14,9.449,7.647,6.796,9.22,8.692,8.649,5.58,5.086,6.081,8.068,8.718
26-Apr-26,4.693,2.087,6.107,17.367,7.202,6.205,7.202,4.735,6.525,5,2.458,3.944,5.909,5.909,6.469,4.525,4.525,9.179,7.376,6.41,8.167,7.554,7.581,4.768,4.373,5.453,7.591,8.84
26-Apr-26,4.684,2.318,6.257,17.297,6.841,5.758,6.841,4.374,6.233,4.545,2.118,3.603,5.563,5.563,6.084,4.431,4.431,8.811,6.511,5.839,7.764,7.211,7.227,4.009,4.084,4.868,7.081,9.027
26-Apr-26,5.242,2.827,6.648,17.467,6.451,5.407,6.451,4.083,6.047,4.727,2.311,3.607,5.298,5.298,5.963,4.339,4.339,8.301,6.419,5.688,7.914,7.261,7.328,4.52,3.971,4.648,6.93,8.975
26-Apr-26,6.38,3.28,7.5,18.204,6.063,5.765,6.063,4.557,5.687,4.714,3.024,3.786,5.663,5.663,6.375,4.661,4.661,8.863,6.496,5.853,8.568,7.842,7.757,5.064,3.884,4.338,6.877,9.415
26-Apr-26,6.618,3.769,7.751,19.084,6.319,5.935,6.319,4.398,6.166,4.362,3.996,3.369,5.188,5.188,6.604,4.681,4.681,8.593,6.172,5.308,8.076,7.425,7.441,4.724,4.142,4.455,7.345,8.766
26-Apr-26,6.319,3.986,7.771,19.664,6.895,5.97,6.895,4.511,6.722,4.587,4.263,3.251,5.112,5.112,6.455,4.803,4.803,8.184,5.851,4.719,7.971,7.163,7.315,4.664,3.719,4.304,7.583,8.906
26-Apr-26,6.697,3.861,8.142,20.251,8.232,6.446,8.232,4.923,6.581,4.83,3.867,3.283,5.712,5.712,6.678,5.299,5.299,8.701,6.709,5.574,10.189,8.667,8.144,5.165,3.998,4.632,8.251,9.776
26-Apr-26,6.559,4.042,8.388,20.322,8.935,7.367,8.935,5.378,6.879,5.26,3.969,3.53,6.207,6.207,7.081,5.298,5.298,9.3,7.154,6.359,9.846,8.898,8.502,5.327,4.609,5.41,8.154,8.666
27-Apr-26,6.697,4.02,8.269,19.538,9.097,7.781,9.097,5.844,7.471,5.901,4.242,3.802,6.516,6.516,7.129,5.357,5.357,9.482,7.549,6.737,9.257,8.348,8.023,5.353,4.738,5.57,8.053,9.361
27-Apr-26,6.501,4.148,8.1,19.154,8.512,7.501,8.512,5.653,7.744,6.085,4.18,4.103,6.261,6.261,6.786,5.285,5.285,9.468,7.458,6.677,9.348,8.41,8.191,5.365,4.732,5.53,7.68,9.959
27-Apr-26,7.094,4.63,8.841,19.279,8.358,7.447,8.358,5.778,7.551,6.281,4.23,4.665,6.513,6.513,7.055,5.876,5.876,9.516,7.735,6.86,8.878,8.545,8.324,5.358,5.218,5.646,7.638,9.442
27-Apr-26,8.407,4.783,10.366,19.972,8.155,7.691,8.155,6.252,7.279,6.449,5.06,5.209,7.38,7.38,8.206,6.476,6.476,10.315,7.894,7.188,9.017,8.551,8.196,5.441,5.459,5.731,7.801,9.052
27-Apr-26,8.408,5.609,11.456,19.336,9.405,7.899,9.405,6.773,8.062,6.285,6.171,5.39,8.021,8.021,9.329,6.944,6.944,11.36,8.448,8.088,9.91,9.382,8.771,5.665,5.617,5.63,8.496,9.222
27-Apr-26,8.841,6.302,10.48,21.683,10.883,9.771,10.883,7.537,10.096,7.427,6.229,5.318,8.185,8.185,9.083,6.913,6.913,11.603,8.782,8.11,10.574,10.003,9.134,5.486,5.718,5.984,8.633,10.374
27-Apr-26,9.645,6.742,9.88,22.256,11.969,9.262,11.969,7.454,10.44,8.235,6.429,5.68,8.342,8.342,8.899,7.054,7.054,11.302,8.957,8.272,10.582,9.859,9.097,5.817,5.521,6.299,8.665,10.672
27-Apr-26,9.425,6.534,10.619,23.835,11.511,9.156,11.511,6.996,10.118,7.961,6.673,5.655,8.326,8.326,8.363,6.702,6.702,10.948,8.643,8.183,10.255,9.481,9.043,5.743,5.491,6.329,8.651,10.627
28-Apr-26,8.701,6.13,9.971,20.181,10.957,9.066,10.957,6.96,9.776,7.592,6.554,5.501,8.131,8.131,8.442,6.68,6.68,10.853,8.527,8.074,10.389,9.4,9.032,5.743,5.426,6.122,8.704,10.919
28-Apr-26,8.537,6.044,9.379,18.979,10.691,8.817,10.691,6.863,9.607,7.326,6.478,5.438,7.975,7.975,8.444,6.171,6.171,10.951,8.604,8.1,10.326,9.612,9.239,5.934,5.369,5.987,8.759,11.159
28-Apr-26,8.89,5.901,9.826,20.312,10.871,8.882,10.871,6.621,9.804,7.544,6.196,5.65,7.434,7.434,8.055,5.565,5.565,10.068,7.882,7.343,10.396,9.72,9.436,5.82,5.546,6.17,8.175,10.076
28-Apr-26,8.011,5.638,8.883,20.353,10.531,8.888,10.531,6.923,10.052,7.633,5.641,5.916,8,8,8.496,6.409,6.409,10.624,8.644,7.529,8.662,8.131,8.438,5.304,5.812,6.344,8.472,8.899
28-Apr-26,8.123,5.659,9.123,19.334,10.078,7.801,10.078,6.526,9.051,6.876,5.99,5.892,8.705,8.705,9.481,7.001,7.001,10.756,8.219,7.427,9.369,8.561,8.604,5.569,5.524,5.511,9.179,8.795
28-Apr-26,7.937,5.366,9.026,18.129,9.985,7.81,9.985,6.065,9.041,6.807,6.452,4.935,8.337,8.337,9.342,6.922,6.922,11.522,8.511,8.089,10.278,9.785,9.553,5.914,5.46,5.636,8.086,9.25
28-Apr-26,7.743,5.386,8.642,19.124,9.384,7.341,9.384,5.66,8.32,6.525,5.788,4.477,7.65,7.65,8.208,6.26,6.26,10.826,8.652,8.068,9.916,9.661,8.96,5.698,5.088,5.605,8.32,8.855
28-Apr-26,8.456,5.397,9.52,19.128,9.492,7.618,9.492,5.978,8.504,6.533,5.786,4.626,7.232,7.232,7.74,6.586,6.586,10.815,8.546,7.717,9.741,9.231,8.407,5.373,4.837,5.589,7.648,8.247
29-Apr-26,8.196,5.514,9.684,18.692,9.689,7.885,9.689,6.244,8.751,6.65,6.023,4.791,7.018,7.018,7.524,6.193,6.193,10.061,8.213,7.493,8.593,8.175,8.05,5.183,4.938,5.676,6.948,7.849
29-Apr-26,7.907,5.139,9.27,18.078,10.06,8.577,10.06,6.567,9.03,7.03,5.929,5.131,7.379,7.379,7.369,5.825,5.825,9.369,7.793,7.083,8.478,7.999,7.913,4.964,5.073,5.791,6.377,8.209
29-Apr-26,8.106,5.378,9.397,19.127,9.636,8.389,9.636,6.218,8.797,7.242,5.799,5.504,7.255,7.255,7.016,5.908,5.908,8.916,7.348,6.796,7.994,7.81,7.711,5.117,5.287,5.719,6.456,7.996
29-Apr-26,8.092,5.439,10.081,19.506,9.468,8.642,9.468,6.857,8.689,7.052,6.129,5.436,6.927,6.927,7.388,6.513,6.513,9.191,7.014,6.374,8.29,7.689,7.59,5.201,5.018,5.442,6.732,7.599
29-Apr-26,7.717,5.441,9.969,20.565,10.201,8.504,10.201,6.742,9.44,7.072,6.699,5.635,7.376,7.376,7.8,6.79,6.79,9.774,7.206,6.673,9.712,8.87,7.779,5.035,5.054,5.545,7.216,7.805
29-Apr-26,8.046,5.65,9.534,19.134,10.637,8.79,10.637,6.738,9.819,7.179,6.053,5.654,7.194,7.194,7.574,6.387,6.387,9.786,7.434,6.667,9.494,9.57,8.555,5.122,5.195,5.56,7.157,8.626
29-Apr-26,7.629,5.04,9.379,18.638,10.066,8.32,10.066,6.645,8.602,7.091,5.786,5.182,6.818,6.818,7.378,6.373,6.373,9.678,7.155,6.622,9.411,9.075,8.606,5.272,4.981,5.666,7.477,9.402
29-Apr-26,7.547,4.616,9.091,19.432,9.431,7.872,9.431,6.111,7.779,6.44,5.376,4.779,6.466,6.466,6.941,5.775,5.775,9.495,6.867,6.49,9.323,8.573,8.301,5.123,4.474,5.352,7.274,9.277
30-Apr-26,7.201,4.345,8.741,19.139,9.037,7.928,9.037,6.158,7.801,6.429,5.225,4.728,6.637,6.637,7.123,5.853,5.853,9.619,7.153,6.944,9.198,8.573,7.953,5.038,4.56,5.238,7.328,8.811
30-Apr-26,7.104,4.219,8.802,19.238,8.642,7.696,8.642,6.11,7.709,6.357,5.139,4.752,6.669,6.669,7.118,5.859,5.859,9.602,7.368,7.05,9.141,8.47,7.675,4.883,4.778,5.123,7.235,8.613
30-Apr-26,7.889,4.835,8.942,20.078,8.531,8.16,8.531,6.449,7.915,6.764,5.248,5.355,7.056,7.056,7.54,6.334,6.334,9.91,7.936,7.42,9.555,8.865,8.118,5.417,5.448,5.56,7.388,9.104
30-Apr-26,8.602,5.756,9.857,20.525,8.343,7.621,8.343,6.981,7.895,6.141,5.295,5.498,7.135,7.135,7.772,6.917,6.917,9.989,7.919,7.231,10.439,9.348,9.159,5.994,5.751,5.711,7.909,9.073
30-Apr-26,8.146,5.855,9.678,19.716,10.772,8.15,10.772,6.297,9.385,6.815,5.441,5.14,7.306,7.306,8.406,7.18,7.18,10.3,8.185,7.287,10.406,9.374,9.222,6.228,5.903,6.143,8.636,10.593
30-Apr-26,8.386,5.482,10.342,20.646,10.598,9.518,10.598,7.114,8.782,7.086,5.196,5.002,7.1,7.1,7.951,6.682,6.682,10.454,8.185,7.686,10.262,9.226,9.308,6.26,5.567,6.626,8.807,10.166
30-Apr-26,8.535,4.881,10.566,21.988,9.899,7.668,9.899,6.686,8.324,6.155,4.863,4.196,7.111,7.111,7.926,6.929,6.929,10.755,8.287,7.577,10.187,9.279,8.958,6.063,4.798,5.7,8.75,11.15
30-Apr-26,7.873,4.788,9.633,20.74,9.841,7.57,9.841,6.474,7.823,5.831,4.807,3.626,7.241,7.241,8.082,6.689,6.689,10.804,8.127,7.365,10.396,9.335,8.669,5.754,4.473,5.268,8.506,10.46
01-May-26,7.575,4.695,9.485,19.681,9.695,7.317,9.695,6.289,7.039,5.509,4.793,3.471,7.065,7.065,7.97,6.303,6.303,10.409,7.737,7.14,9.873,9.221,8.805,5.556,4.421,5.357,8.209,9.78
01-May-26,7.328,4.48,9.388,20.42,9.361,7.406,9.361,6.457,6.63,5.59,4.772,3.603,6.886,6.886,7.742,6.185,6.185,10.313,7.777,7.209,9.923,9.246,8.87,5.659,4.824,5.593,8.129,9.032
01-May-26,7.649,5.118,10.071,21.215,9.023,7.756,9.023,7.017,6.556,5.865,5.068,4.537,7.294,7.294,7.951,6.663,6.663,10.402,8.31,7.574,9.609,9.114,8.873,5.956,5.548,6.255,7.684,9.084
01-May-26,8.382,5.766,10.32,21.059,9.322,7.294,9.322,6.869,7.005,5.47,5.146,4.654,7.35,7.35,8.402,7.102,7.102,10.552,8.446,7.667,9.666,8.71,8.795,5.992,5.84,6.338,7.704,9.187
01-May-26,7.548,5.052,9.748,22.292,10.295,8.633,10.295,5.955,9.438,5.993,5.318,4.652,6.825,6.825,8.694,7.444,7.444,11.251,8.268,8.118,9.881,9.017,9.219,5.867,5.574,6.356,8.121,9.166
01-May-26,6.75,4.107,10.086,21.554,9.438,7.811,9.438,6.584,8.528,6.448,4.811,4.189,6.734,6.734,7.582,6.414,6.414,10.23,7.27,7.51,9.944,9.163,9.002,5.792,4.464,5.712,8.531,9.632
01-May-26,5.777,3.362,8.829,19.961,9.005,7.106,9.005,5.732,7.817,5.562,4.127,3.244,5.673,5.673,7.079,6.052,6.052,9.033,6.06,5.607,9.956,9.114,8.802,5.826,3.802,5.077,8.613,10.193
01-May-26,4.409,2.689,7.407,19.495,8.511,6.516,8.511,5.193,7.102,5.126,3.908,3.006,5.462,5.462,6.649,5.346,5.346,8.518,5.863,5.682,9.697,8.898,8.497,5.654,3.823,5.129,8.441,10.071
02-May-26,4.019,2.115,6.536,18.101,7.928,6.125,7.928,4.592,5.935,4.227,3.423,2.427,4.893,4.893,6.279,4.843,4.843,8.173,5.507,5.298,9.303,8.381,8.109,5.587,3.834,4.987,8.307,8.867
02-May-26,3.651,2.096,6.107,17.003,7.485,5.75,7.485,4.352,5.026,3.72,3.179,2.251,4.451,4.451,5.931,4.563,4.563,7.885,5.258,5.355,9.126,8.115,7.701,5.363,3.883,4.875,7.814,8.189
02-May-26,5.025,3.028,7.346,18.114,7.383,6.221,7.383,5.044,5.081,4.389,3.423,2.949,5.063,5.063,6.137,5.245,5.245,8.351,5.831,6.341,9.557,8.65,8.237,5.559,4.57,5.362,7.557,7.935
02-May-26,7.662,4.349,9.083,18.541,6.995,7.27,6.995,6.322,5.163,4.955,4.002,3.944,5.57,5.57,6.77,5.838,5.838,8.814,6.416,6.88,9.899,9.154,8.723,6.11,5.366,5.549,7.4,7.6
02-May-26,7.996,5.27,7.337,18.79,9.022,5.759,9.022,5.271,6.956,4.115,4.481,3.34,5.67,5.67,7.524,6.655,6.655,9.014,6.652,6.039,9.239,8.742,8.595,5.255,5.273,5.516,7.148,7.711
02-May-26,7.018,3.87,9.448,20.774,8.802,7.301,8.802,5.323,7.246,5.366,5.002,3.064,4.472,4.472,6.904,5.894,5.894,8.87,5.882,5.496,9.077,8.734,8.514,4.904,4.478,5.472,7.134,8.632
02-May-26,6.001,3.997,9.069,20.825,8.515,7.245,8.515,5.769,7.397,5.437,4.873,3.413,3.95,3.95,6.011,4.779,4.779,8.283,4.891,4.873,9.067,8.624,8.035,4.995,3.4,4.886,7.214,9.437
02-May-26,6.173,3.867,8.736,20.256,8.579,7.581,8.579,5.955,7.65,6.039,4.931,3.677,4.56,4.56,6.147,4.848,4.848,8.026,5.117,4.975,9.312,8.891,7.997,5.152,3.344,4.599,7.695,9.813
03-May-26,5.481,3.418,8.055,19.606,8.666,7.607,8.666,6.057,7.468,6.302,4.506,3.767,4.614,4.614,6.306,5.079,5.079,7.614,5.113,5.14,9.239,9.049,8.154,5.354,3.182,4.972,7.602,9.713
03-May-26,4.63,3.038,7.097,18.369,8.069,6.837,8.069,5.585,6.752,5.601,3.872,3.512,4.649,4.649,6.285,5.094,5.094,7.149,4.921,5.025,8.761,8.744,8.105,5.246,3.029,5.059,7.569,9.616
03-May-26,6.57,3.868,8.262,19.342,7.69,7.009,7.69,5.902,6.598,5.497,4.071,4.098,5.308,5.308,6.599,5.186,5.186,7.422,5.484,5.41,9.289,8.665,8.718,5.593,3.801,5.553,7.57,9.474
03-May-26,9.274,4.797,9.261,19.179,7.651,7.117,7.651,6.605,6.986,5.483,4.461,4.651,6.424,6.424,7.776,5.942,5.942,8.765,6.498,5.56,8.749,8.458,8.379,5.63,4.234,5.725,8.182,9.038
03-May-26,9.526,6.585,11.333,19.222,9.014,7.813,9.014,6.446,8.665,6.102,4.965,4.497,7.344,7.344,9.547,5.942,5.942,9.405,7.249,5.779,8.461,8.131,8.033,5.075,4.011,5.393,8.081,7.555
03-May-26,8.862,6.258,11.113,18.886,10.946,9.554,10.946,7.377,8.719,6.764,5.554,4.257,7.511,7.511,8.783,6.51,6.51,11.004,7.842,6.049,9.065,8.215,7.902,5.162,3.764,5.334,8.268,8.726
03-May-26,9.421,6.282,10.544,20.915,11.703,9.706,11.703,7.981,10.179,7.514,5.245,4.495,7.298,7.298,8.682,6.663,6.663,10.848,8.251,6.64,10.887,9.442,8.357,5.304,3.823,5.543,9.003,9.648
03-May-26,9.241,5.569,10.574,21.411,11.384,9.677,11.384,7.472,10.405,7.896,5.261,4.659,7.478,7.478,8.777,6.509,6.509,11.161,8.705,7.054,10.454,10.211,9.166,5.496,4.001,5.438,8.47,9.561
04-May-26,8.549,4.466,9.76,19.754,10.595,9.184,10.595,7.192,9.811,7.683,4.805,4.728,7.531,7.531,8.555,6.61,6.61,11.016,8.405,7.288,10.234,9.178,9.384,5.784,4.136,5.659,8.243,9.04
04-May-26,7.806,3.876,9.354,19.655,10.298,8.622,10.298,6.852,9.284,7.57,4.748,5.108,7.79,7.79,8.345,6.45,6.45,10.73,8.343,7.222,10.014,8.966,9.175,5.908,4.375,5.802,8.066,8.777
04-May-26,7.151,3.63,9.854,20.676,9.646,8.543,9.646,6.891,8.534,7.022,4.276,5.692,8.267,8.267,8.758,6.507,6.507,10.404,8.758,7.691,9.972,9.395,9.366,6.211,5.108,6.039,7.795,7.939
04-May-26,7.242,4.256,9.228,21.648,9.522,8.079,9.522,6.928,9.021,7.058,4.103,5.394,8.351,8.351,9.928,6.784,6.784,10.557,9.024,8.376,9.46,8.884,8.202,5.418,5.885,6.524,7.208,6.634
04-May-26,6.812,3.973,9.097,21.666,9.087,7.751,9.087,7.116,8.399,6.649,4.252,4.713,7.522,7.522,8.093,7.695,7.695,12.133,8.607,8.637,9.156,8.287,7.653,4.801,5.653,6.669,7.543,8.303
04-May-26,5.638,2.937,8.682,18.62,9.362,7.641,9.362,6.31,6.618,5.884,3.692,3.942,5.596,5.596,7.572,6.721,6.721,10.174,6.684,6.978,10.292,8.42,7.674,5.047,4.226,5.041,8.26,8.655
04-May-26,4.615,2.588,7.985,17.211,9.108,7.315,9.108,5.815,5.86,4.98,3.676,2.795,5.265,5.265,6.951,6.246,6.246,9.07,6.155,6.414,10.359,9.129,8.065,5.707,3.782,4.926,8.82,8.94
04-May-26,4.422,2.465,7.814,15.79,8.78,7.462,8.78,5.555,5.366,3.862,3.788,2.334,5.057,5.057,6.531,5.915,5.915,8.796,5.854,5.833,9.959,9.315,8.326,5.711,3.659,4.916,8.275,9.26
05-May-26,3.477,1.838,5.818,14.736,7.597,6.107,7.597,4.429,4.926,2.998,3.371,2.019,4.715,4.715,5.808,5.173,5.173,8.056,5.406,4.856,9.48,9.243,7.878,5.349,3.298,4.702,8.024,9.338
05-May-26,2.649,1.6,5.549,14.136,6.357,4.808,6.357,3.203,4.017,2.443,3.339,2.371,4.094,4.094,4.633,3.945,3.945,7.461,5.008,4.52,8.709,8.537,7.313,4.881,3.278,4.558,7.816,9.056
05-May-26,2.988,2.252,6.121,14.489,5.012,4.114,5.012,2.99,3.844,2.878,3.334,3.118,4.247,4.247,4.212,3.444,3.444,6.954,4.921,4.505,7.465,7.279,6.599,4.657,3.246,4.217,7.623,8.521
